생년월일,성별,등급,차 종,구매한 제품,구매 날짜,금액,거래 방식,구매 횟수,구매 경로,주소,나이,연령대,구매 시즌,고객 등급 점수,브랜드,차급,최근 구매 고객,누적 구매 금액,평균 구매 금액,구매 요일,지역 카테고리,고객 충성도 지수,할부 여부,마지막 구매 이후 기간,구매 주기,구매 요일 카테고리,고객 평생 가치
2002-03-04,남,일반,준중형 세단,Avante (CN7 N),2024-04-04,35170000,1,1,0,인천광역시 남동구 구월동,23,20대 이하,봄,2,현대,소형,True,35170000,58025294,3,인천광역시,0.022,0,11.433,0.0,평일,779060
1983-01-02,남,vip,준대형 세단,G80 (RG3),2025-02-10,85790000,1,5,0,광주광역시 서구 치평동,42,36~50세,겨울,3,제네시스,중형,True,85790000,60506667,0,광주광역시,0.27,1,1.033,0.0,평일,23177651
1999-05-02,여,신규,중형 suv,NEXO (FE),2025-03-10,69500000,2,1,0,부산광역시 해운대구 우동,26,26~35세,봄,1,기아,SUV,True,69500000,56399524,0,부산광역시,0.044,1,0.1,0.0,평일,3042256
1960-07-01,남,일반, 중형 suv,Santa-Fe ™,2023-05-01,34920000,3,1,0,전라남도 목포시 부주동,65,51~65세,봄,2,현대,,True,34920000,60148462,0,전라남도,0.022,0,22.733,0.0,평일,768024
1970-03-02,남,이탈가능,중형 세단,G70 (IK),2023-10-01,50230000,1,1,0,경기도 수원시 영통구 원천동,55,51~65세,가을,0,제네시스,중형,True,50230000,61066154,6,경기도,0.032,1,17.633,0.0,주말,1589104
1959-08-03,남,일반,중형 세단,G70 (IK),2023-02-01,50230000,1,1,0,울산광역시 남구 달동,66,66세 이상,겨울,2,제네시스,중형,True,50230000,60935000,2,울산광역시,0.032,1,25.7,0.0,평일,1589104
1998-01-02,여,일반,준중형 해치백,IONIQ (AE EV),2023-07-18,44400000,1,1,1,경기도 수원시 영통구 원천동,27,26~35세,여름,2,기타,,True,94630000,61066154,1,경기도,0.06,1,20.133,-2.5,평일,5640061
1976-01-06,남,신규,준중형 세단,Avante (CN7 HEV),2025-12-01,27830000,1,1,0,서울특별시 종로구 청운동,49,36~50세,겨울,1,현대,소형,True,27830000,56644400,0,서울특별시,0.018,0,-8.767,0.0,평일,487812
1980-04-06,남,일반,준중형 해치백,IONIQ (AE EV),2023-01-03,44400000,1,1,0,인천광역시 남동구 구월동,45,36~50세,겨울,2,기타,,True,79570000,58025294,1,인천광역시,0.05,1,26.667,-15.23,평일,3987721
1977-08-05,여,신규, 중형 세단,IONIQ 6 (CE),2024-04-06,61820000,1,1,0,서울특별시 종로구 청운동,48,36~50세,봄,1,기타,,True,89650000,56644400,5,서울특별시,0.056,1,11.367,-20.13,주말,5062053
1990-11-24,여,vip,대형 세단,G90 (HI),2024-12-03,99670000,2,5,0,경상남도 창원시 의창구 봉곡동,35,26~35세,겨울,3,제네시스,대형,True,99670000,58702308,1,경상남도,0.314,1,3.333,0.0,평일,31284197
1988-05-07,여,일반, 중형 suv,Santa-Fe (MX5 PHEV),2023-07-07,45980000,3,2,0,전라북도 전주시 완산구 덕진동,37,36~50세,여름,2,현대,,True,45980000,60225714,4,전라북도,0.058,1,20.5,0.0,평일,2663140
1997-08-05,남,일반,준중형 세단,Avante (CN7 N),2025-01-02,35170000,2,1,0,충청북도 청주시 상당구 낙실동,28,26~35세,겨울,2,현대,소형,True,35170000,56854783,3,충청북도,0.022,0,2.333,0.0,평일,779060
1996-01-02,여,일반, 중형 suv,Santa-Fe ™,2024-02-03,34920000,2,2,0,광주광역시 서구 치평동,29,26~35세,겨울,2,현대,,True,120710000,60506667,5,광주광역시,0.152,0,13.467,-12.43,주말,18354501
1980-02-04,남,일반,준중형 세단,Avante (CN7 N),2023-08-07,35170000,1,3,0,경기도 성남시 분당구 정자동,45,36~50세,여름,2,현대,소형,True,35170000,58401053,0,경기도,0.066,0,19.467,0.0,평일,2337180
1985-01-07,남,일반,준대형 세단,Grandeur (GN7 HEV),2024-05-06,52410000,1,1,0,울산광역시 남구 달동,40,36~50세,봄,2,현대,중형,True,102640000,60935000,0,울산광역시,0.065,1,10.367,15.33,평일,6635282
1966-07-01,여,신규, 중형 suv,Santa-Fe ™,2024-10-03,34920000,1,1,0,경상남도 창원시 의창구 봉곡동,59,51~65세,가을,1,현대,,True,134590000,58702308,3,경상남도,0.085,0,5.367,-2.03,평일,11409107
1974-01-02,남,일반,준중형 suv,Tucson (NX4 PHEV),2024-02-27,39500000,1,1,0,서울특별시 종로구 청운동,51,51~65세,겨울,2,기아,SUV,True,129150000,56644400,1,서울특별시,0.081,0,12.667,-1.3,평일,10505456
1972-06-01,남,일반,준대형 세단,Grandeur (GN7 HEV),2023-05-07,52410000,1,1,0,경상북도 포항시 남구 대도동,53,51~65세,봄,2,현대,중형,True,52410000,56614375,6,경상북도,0.033,1,22.533,0.0,주말,1730033
1988-03-06,남,일반,준대형 세단,Grandeur (GN7 HEV),2024-08-15,52410000,1,1,0,부산광역시 해운대구 우동,37,36~50세,여름,2,현대,중형,True,121910000,56399524,3,부산광역시,0.077,1,7.0,-6.9,평일,9360623
1984-05-06,남,일반,중형 세단,G70 (IK),2024-01-15,50230000,1,1,0,경기도 성남시 분당구 정자동,41,36~50세,겨울,2,제네시스,중형,True,85400000,58401053,0,경기도,0.054,1,14.1,5.37,평일,4593480
1987-02-03,남,vip,대형 세단,G90 (RS4),2024-12-16,134370000,1,5,0,서울특별시 종로구 청운동,38,36~50세,겨울,3,제네시스,대형,True,263520000,56644400,0,서울특별시,0.83,1,2.9,9.77,평일,218687144
1989-04-03,남,일반, 중형 suv,Santa-Fe ™,2024-09-25,34920000,1,3,0,광주광역시 서구 치평동,36,36~50세,가을,2,현대,,True,155630000,60506667,2,광주광역시,0.294,0,5.633,7.83,평일,45765053
1972-05-02,여,일반,준중형 해치백,IONIQ (AE EV),2025-01-11,44400000,1,2,0,전라북도 전주시 완산구 덕진동,53,51~65세,겨울,2,기타,,True,90380000,60225714,5,전라북도,0.114,1,2.033,18.47,주말,10289654
1971-06-04,여,일반,준대형 세단,Grandeur (GN7 HEV),2024-04-22,52410000,1,2,0,경기도 성남시 분당구 정자동,54,51~65세,봄,2,현대,중형,True,137810000,58401053,0,경기도,0.174,1,10.833,3.27,평일,23923105
1975-02-04,남,일반,준중형 suv,Tucson (NX4 PHEV),2023-07-08,39500000,1,1,0,충청북도 청주시 상당구 낙실동,50,36~50세,여름,2,기아,SUV,True,74670000,56854783,5,충청북도,0.047,0,20.467,-18.13,주말,3511708
1996-05-02,남,일반,준대형 세단,Grandeur (GN7 HEV),2023-08-19,52410000,1,1,0,경상북도 포항시 남구 대도동,29,26~35세,여름,2,현대,중형,True,104820000,56614375,5,경상북도,0.066,1,19.067,3.47,주말,6920132
1985-04-02,남,일반,준대형 suv,Palisade (LX2),2024-05-16,59460000,1,1,0,서울특별시 강남구 역삼동,40,36~50세,봄,2,기타,,True,59460000,63893125,3,서울특별시,0.037,1,10.033,0.0,평일,2226773
2001-04-06,여,일반,준중형 세단,Avante (CN7 N),2024-09-11,35170000,1,1,0,서울특별시 종로구 청운동,24,20대 이하,가을,2,현대,소형,True,298690000,56644400,2,서울특별시,0.188,0,6.1,-3.2,평일,56191089
1983-02-04,남,일반,준중형 해치백,i30 (PD),2024-07-28,25560000,1,1,0,경기도 수원시 영통구 원천동,42,36~50세,여름,2,기타,,True,120190000,61066154,6,경기도,0.076,0,7.6,12.53,주말,9098352
1962-05-06,남,일반,준대형 세단,Grandeur (GN7 HEV),2024-12-25,52410000,1,1,0,서울특별시 종로구 청운동,63,51~65세,겨울,2,현대,중형,True,351100000,56644400,2,서울특별시,0.221,1,2.6,3.5,평일,77640396
1999-07-07,여,일반,준중형 해치백,i30 (PD),2024-11-18,25560000,1,2,0,충청남도 천안시 동남구 성성동,26,26~35세,가을,2,기타,,True,25560000,48790714,0,충청남도,0.032,0,3.833,0.0,평일,822958
1992-04-05,남,일반,준중형 해치백,IONIQ (AE EV),2024-01-16,44400000,1,1,1,울산광역시 남구 달동,33,26~35세,겨울,2,기타,,True,147040000,60935000,1,울산광역시,0.093,1,14.067,-3.7,평일,13617490
1977-05-02,남,일반,준대형 suv,Palisade (LX2),2024-06-28,59460000,1,1,0,경기도 성남시 분당구 정자동,48,36~50세,여름,2,기타,,True,197270000,58401053,4,경기도,0.124,1,8.6,2.23,평일,24510274
1966-03-02,남,일반,준중형 세단,Avante (CN7 N),2025-01-11,35170000,1,1,0,경기도 성남시 분당구 정자동,59,51~65세,겨울,2,현대,소형,True,232440000,58401053,5,경기도,0.146,0,2.033,6.57,주말,34028893
1978-09-05,남,일반,준중형 해치백,i30 (PD),2023-04-25,25560000,1,1,0,충청남도 천안시 동남구 성성동,47,36~50세,봄,2,기타,,True,51120000,48790714,1,충청남도,0.032,0,22.933,-19.1,평일,1645916
1975-03-05,여,일반,준중형 해치백,IONIQ (AE EV),2024-06-02,44400000,1,1,0,서울특별시 종로구 청운동,50,36~50세,여름,2,기타,,True,395500000,56644400,6,서울특별시,0.249,1,9.467,-6.87,주말,98518788
1997-08-01,여,일반, 중형 suv,Santa-Fe ™,2024-07-08,34920000,1,1,0,충청북도 청주시 상당구 낙실동,28,26~35세,여름,2,현대,,True,109590000,56854783,0,충청북도,0.069,0,8.267,12.2,평일,7564286
1994-12-01,남,일반,준중형 해치백,i30 (PD),2024-02-22,25560000,1,1,0,부산광역시 해운대구 우동,31,26~35세,겨울,2,기타,,True,147470000,56399524,3,부산광역시,0.093,0,12.833,-5.83,평일,13697252
1999-06-02,남,일반,준대형 suv,Palisade (LX2),2023-09-30,59460000,1,2,1,울산광역시 남구 달동,26,26~35세,가을,2,기타,,True,206500000,60935000,5,울산광역시,0.26,1,17.667,-3.6,주말,53715076
1970-03-09,남,일반,준대형 세단,Grandeur (GN7 HEV),2023-03-03,52410000,1,1,0,인천광역시 남동구 구월동,55,51~65세,봄,2,현대,중형,True,131980000,58025294,4,인천광역시,0.083,1,24.7,1.97,평일,10970902
1980-11-10,남,일반,준대형 세단,Grandeur (GN7 HEV),2024-07-08,52410000,1,1,1,경상북도 포항시 남구 대도동,45,36~50세,여름,2,현대,중형,True,157230000,56614375,0,경상북도,0.099,1,8.267,10.8,평일,15570298
1960-03-12,남,일반,준대형 세단,Avante (CN7 N),2023-05-04,82080000,1,2,0,부산광역시 해운대구 우동,65,51~65세,봄,2,현대,중형,True,229550000,56399524,3,부산광역시,0.289,1,22.633,-9.8,평일,66375938
1959-11-17,여,일반,중형 suv,Santa-Fe ™,2024-07-04,72110000,1,1,1,경기도 수원시 영통구 원천동,66,66세 이상,여름,2,현대,SUV,True,192300000,61066154,3,경기도,0.121,1,8.4,-0.8,평일,23290813
1980-11-09,남,일반,대형 suv,G80 (RG3),2024-01-07,38660000,1,1,1,충청남도 천안시 동남구 성성동,45,36~50세,겨울,2,제네시스,SUV,True,89780000,48790714,6,충청남도,0.057,0,14.367,8.57,주말,5076744
1996-12-13,남,이탈가능,준중형 세단,Santa-Fe ™,2024-07-04,37700000,3,5,1,울산광역시 남구 달동,29,26~35세,여름,0,현대,소형,True,244200000,60935000,3,울산광역시,0.769,0,8.4,9.27,평일,187796463
1994-06-26,남,일반,준대형 세단,Avante (CN7 N),2023-05-22,79860000,1,1,0,대구광역시 수성구 범어동,31,26~35세,봄,2,현대,중형,True,79860000,58729444,0,대구광역시,0.05,1,22.033,0.0,평일,4016842
1987-01-09,남,일반,준중형 세단,NEXO (FE),2023-06-17,49930000,2,4,0,경상북도 포항시 남구 대도동,38,36~50세,여름,2,기아,소형,True,207160000,56614375,5,경상북도,0.522,1,21.167,-12.9,주말,108117969
1976-01-24,여,vip,대형 suv,NEXO (FE),2023-08-27,54910000,3,4,1,경기도 성남시 분당구 정자동,49,36~50세,여름,3,기아,SUV,True,287350000,58401053,6,경기도,0.724,1,18.8,-16.77,주말,208021622
1998-01-27,남,신규,대형 suv,Avante (CN7 N),2023-09-19,53760000,3,2,0,경상북도 포항시 남구 대도동,27,26~35세,가을,1,현대,SUV,True,260920000,56614375,1,경상북도,0.329,1,18.033,3.13,평일,85757245
1974-04-23,남,vip,중형 suv,G70 (IK),2023-05-22,57450000,2,1,1,울산광역시 남구 달동,51,51~65세,봄,3,제네시스,SUV,True,301650000,60935000,0,울산광역시,0.19,1,22.033,-13.63,평일,57310308
1956-02-25,남,신규,픽업트럭,Santa-Fe ™,2024-11-28,75020000,3,5,0,인천광역시 남동구 구월동,69,66세 이상,가을,1,현대,트럭,True,207000000,58025294,3,인천광역시,0.652,1,3.5,21.2,평일,134938780
1980-04-09,여,vip,대형 suv,Santa-Fe ™,2024-06-03,68050000,2,2,0,경기도 수원시 영통구 원천동,45,36~50세,여름,3,현대,SUV,True,260350000,61066154,0,경기도,0.328,1,9.433,-1.03,평일,85382967
1980-12-19,여,일반,중형 suv,Santa-Fe ™,2025-02-13,89190000,2,2,0,울산광역시 남구 달동,45,36~50세,겨울,2,현대,SUV,True,390840000,60935000,3,울산광역시,0.492,1,0.933,21.1,평일,192421719
1967-03-24,여,이탈가능,중형 suv,Avante (CN7 N),2023-04-05,88480000,1,1,1,대전광역시 유성구 봉명동,58,51~65세,봄,0,현대,SUV,True,88480000,56525385,2,대전광역시,0.056,1,23.6,0.0,평일,4930788
1977-11-10,여,신규,준중형 세단,NEXO (FE),2024-04-17,65090000,2,2,1,전라북도 전주시 완산구 덕진동,48,36~50세,봄,1,기아,소형,True,155470000,60225714,2,전라북도,0.196,1,11.0,-8.97,평일,30447334
1962-07-02,남,이탈가능,픽업트럭,Santa-Fe ™,2025-02-13,76580000,1,5,1,대구광역시 수성구 범어동,63,51~65세,겨울,0,현대,트럭,True,156440000,58729444,3,대구광역시,0.493,1,0.933,21.1,평일,77071126
2005-03-04,여,신규,소형 해치백,G70 (IK),2024-08-31,57120000,2,5,1,서울특별시 종로구 청운동,20,20대 이하,여름,1,제네시스,소형,True,452620000,56644400,5,서울특별시,1.425,1,6.467,3.0,주말,645154260
1985-06-07,남,vip,준대형 세단,G80 (RG3),2023-12-11,60270000,3,2,1,대전광역시 유성구 봉명동,40,36~50세,겨울,3,제네시스,중형,True,148750000,56525385,0,대전광역시,0.187,1,15.267,8.33,평일,27872122
1965-07-21,남,일반,소형 해치백,NEXO (FE),2023-06-07,43120000,3,1,0,충청남도 천안시 동남구 성성동,60,51~65세,여름,2,기아,소형,True,132900000,48790714,2,충청남도,0.084,1,21.5,-7.13,평일,11124386
1972-09-24,남,일반,준대형 세단,Avante (CN7 N),2024-04-16,77400000,3,1,0,대구광역시 수성구 범어동,53,51~65세,봄,2,현대,중형,True,233840000,58729444,1,대구광역시,0.147,1,11.033,-10.1,평일,34440043
1999-03-22,남,신규,준중형 세단,NEXO (FE),2024-02-11,67120000,3,1,1,충청남도 천안시 동남구 성성동,26,26~35세,겨울,1,기아,소형,True,200020000,48790714,6,충청남도,0.126,1,13.2,8.3,주말,25198398
1961-05-05,여,이탈가능,소형 해치백,G70 (IK),2023-04-15,50710000,2,3,0,대구광역시 수성구 범어동,64,51~65세,봄,0,제네시스,소형,True,284550000,58729444,5,대구광역시,0.538,1,23.267,-12.23,주말,152990519
1954-03-13,남,일반,준대형 세단,G70 (IK),2024-12-19,87880000,2,4,0,충청남도 천안시 동남구 성성동,71,66세 이상,겨울,2,제네시스,중형,True,287900000,48790714,3,충청남도,0.725,1,2.8,10.4,평일,208818709
2002-09-24,여,일반,대형 suv,Avante (CN7 N),2024-06-26,79830000,3,4,0,전라북도 전주시 완산구 덕진동,23,20대 이하,여름,2,현대,SUV,True,235300000,60225714,2,전라북도,0.593,1,8.667,2.33,평일,139485778
1984-07-29,남,이탈가능,준대형 세단,G70 (IK),2023-05-15,79370000,1,2,0,경기도 수원시 영통구 원천동,41,36~50세,봄,0,제네시스,중형,True,339720000,61066154,0,경기도,0.428,1,22.267,-12.83,평일,145377873
1978-02-13,여,신규,대형 suv,G80 (RG3),2023-12-09,40770000,3,3,1,충청북도 청주시 상당구 낙실동,47,36~50세,겨울,1,제네시스,SUV,True,150360000,56854783,5,충청북도,0.284,1,15.333,-7.07,주말,42718104
2001-04-12,여,vip,대형 suv,G70 (IK),2024-10-12,60710000,2,4,0,부산광역시 해운대구 우동,24,20대 이하,가을,3,제네시스,SUV,True,290260000,56399524,5,부산광역시,0.731,1,5.067,17.57,주말,212256236
1975-06-29,남,신규,준대형 세단,NEXO (FE),2024-09-02,37420000,2,2,1,서울특별시 종로구 청운동,50,36~50세,가을,1,기아,중형,True,490040000,56644400,0,서울특별시,0.617,0,6.4,0.07,평일,302495656
1973-09-17,남,신규,중형 suv,G70 (IK),2023-07-20,71520000,3,5,0,경상남도 창원시 의창구 봉곡동,52,51~65세,여름,1,제네시스,SUV,True,206110000,58702308,3,경상남도,0.649,1,20.067,-14.7,평일,133780931
2004-03-16,여,이탈가능,중형 suv,Avante (CN7 N),2023-08-26,34130000,2,5,1,충청남도 천안시 동남구 성성동,21,20대 이하,여름,0,현대,SUV,True,322030000,48790714,5,충청남도,1.014,0,18.833,-16.03,주말,326579375
1957-10-24,남,신규,대형 suv,Santa-Fe ™,2023-09-16,76700000,2,4,0,대구광역시 수성구 범어동,68,66세 이상,가을,1,현대,SUV,True,361250000,58729444,5,대구광역시,0.91,1,18.133,5.13,주말,328777272
1958-05-01,남,vip,준중형 세단,G80 (RG3),2024-06-07,57710000,1,3,0,경상북도 포항시 남구 대도동,67,66세 이상,여름,3,제네시스,소형,True,318630000,56614375,4,경상북도,0.602,1,9.3,8.73,평일,191831828
1987-04-06,남,이탈가능,대형 suv,Santa-Fe ™,2023-09-30,89020000,3,3,0,부산광역시 해운대구 우동,38,36~50세,가을,0,현대,SUV,True,379280000,56399524,5,부산광역시,0.717,1,17.667,-12.6,주말,271811122
1975-08-30,남,신규,중형 suv,Santa-Fe ™,2023-03-18,89450000,3,1,1,전라북도 전주시 완산구 덕진동,50,36~50세,봄,1,현대,SUV,True,324750000,60225714,5,전라북도,0.205,1,24.2,-15.53,주말,66423905
1985-04-07,남,일반,픽업트럭,Avante (CN7 N),2023-07-07,66280000,1,5,1,경기도 수원시 영통구 원천동,40,36~50세,여름,2,현대,트럭,True,406000000,61066154,4,경기도,1.279,1,20.5,1.77,평일,519096566
1970-01-26,여,신규,중형 suv,NEXO (FE),2023-12-19,33070000,1,3,0,대전광역시 유성구 봉명동,55,51~65세,겨울,1,기아,SUV,True,181820000,56525385,1,대전광역시,0.344,0,15.0,0.27,평일,62464123
1977-01-22,남,이탈가능,준대형 세단,NEXO (FE),2024-01-08,49550000,3,2,1,대구광역시 수성구 범어동,48,36~50세,겨울,0,기아,중형,True,410800000,58729444,0,대구광역시,0.517,1,14.333,3.8,평일,212577331
1963-02-13,남,이탈가능,픽업트럭,Avante (CN7 N),2024-08-07,36020000,1,3,0,전라남도 목포시 부주동,62,51~65세,여름,0,현대,트럭,True,70940000,60148462,2,전라남도,0.134,0,7.267,15.47,평일,9508887
1997-04-15,남,일반,준중형 세단,G80 (RG3),2025-01-03,64440000,1,1,0,서울특별시 종로구 청운동,28,26~35세,겨울,2,제네시스,소형,True,554480000,56644400,4,서울특별시,0.349,1,2.3,4.1,평일,193641241
1954-06-08,남,이탈가능,준대형 세단,G80 (RG3),2024-09-18,43750000,1,2,1,경상남도 창원시 의창구 봉곡동,71,66세 이상,가을,0,제네시스,중형,True,249860000,58702308,2,경상남도,0.315,1,5.867,14.2,평일,78641095
1994-01-04,여,이탈가능,준대형 세단,NEXO (FE),2024-04-04,79430000,2,2,0,서울특별시 종로구 청운동,31,26~35세,봄,0,기아,중형,True,633910000,56644400,3,서울특별시,0.799,1,11.433,-9.13,평일,506187348
1958-06-02,남,일반,소형 해치백,G70 (IK),2023-10-12,47210000,2,5,1,광주광역시 서구 치평동,67,66세 이상,가을,2,제네시스,소형,True,202840000,60506667,3,광주광역시,0.639,1,17.267,-11.63,평일,129569652
1972-06-26,여,이탈가능,대형 suv,Santa-Fe ™,2023-11-29,85590000,1,5,1,서울특별시 강남구 역삼동,53,51~65세,가을,0,현대,SUV,True,145050000,63893125,2,서울특별시,0.457,1,15.667,-5.63,평일,66256968
1977-04-04,여,vip,픽업트럭,G70 (IK),2024-09-20,71210000,1,2,1,울산광역시 남구 달동,48,36~50세,가을,3,제네시스,트럭,True,462050000,60935000,4,울산광역시,0.582,1,5.8,-4.87,평일,268926766
1976-06-08,남,일반,중형 suv,G80 (RG3),2025-02-08,89790000,2,2,0,광주광역시 서구 치평동,49,36~50세,겨울,2,제네시스,SUV,True,292630000,60506667,5,광주광역시,0.369,1,1.1,16.17,주말,107868285
1985-12-18,여,vip,소형 해치백,G80 (RG3),2024-11-03,83120000,1,2,0,부산광역시 해운대구 우동,40,36~50세,가을,3,제네시스,소형,True,462400000,56399524,6,부산광역시,0.582,1,4.333,13.33,주말,269334341
1982-09-08,남,vip,픽업트럭,G80 (RG3),2024-11-28,81900000,3,5,1,충청북도 청주시 상당구 낙실동,43,36~50세,가을,3,제네시스,트럭,True,232260000,56854783,3,충청북도,0.731,1,3.5,11.83,평일,169881048
1997-09-02,남,vip,중형 suv,Santa-Fe ™,2023-07-13,62020000,1,4,1,광주광역시 서구 치평동,28,26~35세,여름,3,현대,SUV,True,354650000,60506667,3,광주광역시,0.893,1,20.3,-19.2,평일,316873561
1997-06-02,여,신규,픽업트럭,G80 (RG3),2023-07-07,79780000,1,4,0,광주광역시 서구 치평동,28,26~35세,여름,1,제네시스,트럭,True,434430000,60506667,4,광주광역시,1.094,1,20.5,-0.2,평일,475472816
1971-03-05,남,일반,소형 해치백,NEXO (FE),2025-02-21,79430000,2,3,0,울산광역시 남구 달동,54,51~65세,겨울,2,기아,소형,True,541480000,60935000,4,울산광역시,1.023,1,0.667,5.13,평일,554003081
1956-02-23,여,일반,준대형 세단,Santa-Fe ™,2025-02-23,30270000,3,3,0,서울특별시 종로구 청운동,69,66세 이상,겨울,2,현대,중형,True,664180000,56644400,6,서울특별시,1.255,0,0.6,10.83,주말,833525569
1986-02-12,남,이탈가능,준대형 세단,Avante (CN7 N),2024-08-14,32780000,2,5,0,부산광역시 해운대구 우동,39,36~50세,여름,0,현대,중형,True,495180000,56399524,2,부산광역시,1.559,0,7.033,-2.7,평일,772186634
1963-11-23,여,vip,중형 suv,Santa-Fe ™,2023-12-27,49320000,1,2,0,충청북도 청주시 상당구 낙실동,62,51~65세,겨울,3,현대,SUV,True,281580000,56854783,2,충청북도,0.355,1,14.733,-11.23,평일,99875666
2000-03-31,남,이탈가능,중형 suv,G80 (RG3),2024-11-05,76660000,1,4,1,인천광역시 남동구 구월동,25,20대 이하,가을,0,제네시스,SUV,True,283660000,58025294,1,인천광역시,0.715,1,4.267,-0.77,평일,202713314
1983-12-18,남,이탈가능,준대형 세단,G70 (IK),2024-07-01,85860000,2,2,0,경기도 성남시 분당구 정자동,42,36~50세,여름,0,제네시스,중형,True,373210000,58401053,0,경기도,0.47,1,8.5,10.3,평일,175453738
1988-04-18,남,이탈가능,소형 해치백,Avante (CN7 N),2024-01-23,88130000,1,5,0,인천광역시 남동구 구월동,37,36~50세,겨울,0,현대,소형,True,371790000,58025294,1,인천광역시,1.171,1,13.833,-9.57,평일,435302837
1975-03-27,여,vip,준대형 세단,Santa-Fe ™,2023-10-01,79770000,1,2,1,경기도 수원시 영통구 원천동,50,36~50세,가을,3,현대,중형,True,485770000,61066154,6,경기도,0.612,1,17.633,2.87,주말,297246987
1984-05-24,남,신규,중형 suv,G80 (RG3),2025-02-05,74040000,3,1,1,광주광역시 서구 치평동,41,36~50세,겨울,1,제네시스,SUV,True,508470000,60506667,2,광주광역시,0.32,1,1.2,19.3,평일,162838373
1999-11-25,남,일반,준중형 세단,Santa-Fe ™,2024-11-04,54940000,1,2,0,경상북도 포항시 남구 대도동,26,26~35세,가을,2,현대,소형,True,373570000,56614375,0,경상북도,0.471,1,4.3,5.0,평일,175792388
1987-11-12,여,일반,중형 suv,NEXO (FE),2024-01-16,72840000,2,2,1,충청남도 천안시 동남구 성성동,38,36~50세,겨울,2,기아,SUV,True,394870000,48790714,1,충청남도,0.497,1,14.067,4.77,평일,196410346
1977-06-26,남,일반,중형 suv,G80 (RG3),2023-06-18,57850000,3,1,1,광주광역시 서구 치평동,48,36~50세,여름,2,제네시스,SUV,True,566320000,60506667,6,광주광역시,0.357,1,21.133,-19.93,주말,201999309
1987-05-31,남,신규,픽업트럭,NEXO (FE),2023-08-16,57310000,1,2,0,울산광역시 남구 달동,38,36~50세,여름,1,기아,트럭,True,598790000,60935000,2,울산광역시,0.754,1,19.167,-18.5,평일,451653269
1981-08-17,남,신규,준대형 세단,Avante (CN7 N),2024-11-30,45700000,3,4,1,대구광역시 수성구 범어동,44,36~50세,가을,1,현대,중형,True,456500000,58729444,5,대구광역시,1.15,1,3.433,10.9,주말,525010077
1991-07-10,남,vip,준중형 세단,Santa-Fe ™,2024-12-05,41850000,1,2,1,경상남도 창원시 의창구 봉곡동,34,26~35세,겨울,3,현대,소형,True,291710000,58702308,3,경상남도,0.367,1,3.267,2.6,평일,107191097
1994-04-30,여,일반,중형 suv,G70 (IK),2024-11-18,87840000,2,1,0,대전광역시 유성구 봉명동,31,26~35세,가을,2,제네시스,SUV,True,269660000,56525385,0,대전광역시,0.17,1,3.833,11.17,평일,45799332
1980-02-20,남,일반,준중형 세단,Avante (CN7 N),2024-08-31,84100000,2,3,0,부산광역시 해운대구 우동,45,36~50세,여름,2,현대,소형,True,579280000,56399524,5,부산광역시,1.095,1,6.467,0.57,주말,634051316
1989-05-27,여,일반,대형 suv,NEXO (FE),2023-04-27,82050000,1,5,1,경상북도 포항시 남구 대도동,36,36~50세,봄,2,기아,SUV,True,455620000,56614375,3,경상북도,1.435,1,22.867,-18.57,평일,653734866
1969-11-21,여,이탈가능,중형 suv,G70 (IK),2023-08-19,60860000,1,5,1,경기도 수원시 영통구 원천동,56,51~65세,여름,0,제네시스,SUV,True,546630000,61066154,5,경기도,1.721,1,19.067,-1.43,주말,940985680
1966-09-01,여,vip,중형 suv,Santa-Fe ™,2023-05-29,71220000,3,4,1,대전광역시 유성구 봉명동,59,51~65세,봄,3,현대,SUV,True,340880000,56525385,0,대전광역시,0.859,1,21.8,-17.97,평일,292744752
1966-11-27,남,이탈가능,준대형 세단,G70 (IK),2024-03-21,33690000,2,4,0,대구광역시 수성구 범어동,59,51~65세,봄,0,제네시스,중형,True,490190000,58729444,3,대구광역시,1.235,0,11.9,-8.47,평일,605361742
1981-02-16,여,신규,픽업트럭,NEXO (FE),2025-01-31,37190000,2,4,1,울산광역시 남구 달동,44,36~50세,겨울,1,기아,트럭,True,635980000,60935000,4,울산광역시,1.602,0,1.367,17.8,평일,1018997205
1996-12-16,남,신규,픽업트럭,G70 (IK),2024-12-06,36260000,2,5,1,인천광역시 남동구 구월동,29,26~35세,겨울,1,제네시스,트럭,True,408050000,58025294,4,인천광역시,1.285,0,3.233,10.6,평일,524351909
1999-04-19,여,vip,소형 해치백,Santa-Fe ™,2023-04-22,55710000,1,2,0,서울특별시 강남구 역삼동,26,26~35세,봄,3,현대,소형,True,200760000,63893125,5,서울특별시,0.253,1,23.033,-7.37,주말,50770385
1980-03-19,여,일반,소형 해치백,G70 (IK),2023-04-22,59060000,2,1,1,대전광역시 유성구 봉명동,45,36~50세,봄,2,제네시스,소형,True,399940000,56525385,5,대전광역시,0.252,1,23.033,-1.23,주말,100743206
1975-12-16,여,vip,픽업트럭,G70 (IK),2024-12-11,37480000,3,5,1,울산광역시 남구 달동,50,36~50세,겨울,3,제네시스,트럭,True,673460000,60935000,2,울산광역시,2.121,0,3.067,-1.7,평일,1428300870
1974-12-16,여,신규,픽업트럭,NEXO (FE),2023-09-28,39150000,1,4,1,부산광역시 해운대구 우동,51,51~65세,가을,1,기아,트럭,True,618430000,56399524,3,부산광역시,1.558,0,17.733,-11.27,평일,963534288
2000-09-21,남,이탈가능,중형 suv,Avante (CN7 N),2023-12-04,77130000,3,1,0,경상남도 창원시 의창구 봉곡동,25,20대 이하,겨울,0,현대,SUV,True,368840000,58702308,0,경상남도,0.232,1,15.5,-12.23,평일,85684469
1964-02-21,남,일반,준대형 세단,Santa-Fe ™,2024-08-09,56480000,3,5,0,울산광역시 남구 달동,61,51~65세,여름,2,현대,중형,True,729940000,60935000,4,울산광역시,2.299,1,7.2,-4.13,평일,1677916772
1956-12-27,여,신규,픽업트럭,Santa-Fe ™,2024-07-02,80170000,3,4,1,경기도 수원시 영통구 원천동,69,66세 이상,여름,1,현대,트럭,True,626800000,61066154,1,경기도,1.579,1,8.467,10.6,평일,989792256
1966-12-07,남,신규,픽업트럭,Avante (CN7 N),2023-04-28,66410000,3,1,1,서울특별시 강남구 역삼동,59,51~65세,봄,1,현대,트럭,True,267170000,63893125,4,서울특별시,0.168,1,22.833,0.2,평일,44957429
1975-12-10,여,신규,픽업트럭,Santa-Fe ™,2024-10-15,57200000,1,5,1,경상남도 창원시 의창구 봉곡동,50,36~50세,가을,1,현대,트럭,True,426040000,58702308,1,경상남도,1.342,1,4.967,10.53,평일,571606082
1970-11-29,여,일반,준중형 세단,NEXO (FE),2024-01-30,67180000,2,2,0,대구광역시 수성구 범어동,55,51~65세,겨울,2,기아,소형,True,557370000,58729444,1,대구광역시,0.702,1,13.6,-1.7,평일,391330105
1975-06-05,남,신규,소형 해치백,Santa-Fe ™,2025-03-06,41600000,2,5,0,대전광역시 유성구 봉명동,50,36~50세,봄,1,현대,소형,True,441540000,56525385,3,대전광역시,1.39,1,0.233,22.8,평일,613954512
1999-06-12,남,신규,픽업트럭,G70 (IK),2024-10-14,30670000,3,5,1,광주광역시 서구 치평동,26,26~35세,가을,1,제네시스,트럭,True,596990000,60506667,0,광주광역시,1.88,0,5.0,16.13,평일,1122354887
1968-06-11,남,신규,픽업트럭,Santa-Fe ™,2023-08-09,70970000,3,3,1,부산광역시 해운대구 우동,57,51~65세,여름,1,현대,트럭,True,689400000,56399524,2,부산광역시,1.303,1,19.4,-1.67,평일,898028040
2002-12-16,여,이탈가능,대형 suv,Santa-Fe ™,2025-02-16,64360000,2,4,1,서울특별시 강남구 역삼동,23,20대 이하,겨울,0,현대,SUV,True,331530000,63893125,6,서울특별시,0.835,1,0.833,22.0,주말,276905603
1985-12-09,여,이탈가능,준대형 세단,NEXO (FE),2025-01-10,36230000,2,5,1,경상북도 포항시 남구 대도동,40,36~50세,겨울,0,기아,중형,True,491850000,56614375,4,경상북도,1.549,0,2.067,20.8,평일,761835911
1964-09-11,여,일반,대형 suv,Santa-Fe ™,2023-04-25,73410000,2,2,0,서울특별시 강남구 역삼동,61,51~65세,봄,2,현대,SUV,True,404940000,63893125,1,서울특별시,0.51,1,22.933,-22.1,평일,206555820
1960-12-31,남,일반,소형 해치백,Avante (CN7 N),2023-08-23,73150000,1,5,0,대구광역시 수성구 범어동,65,51~65세,여름,2,현대,소형,True,630520000,58729444,2,대구광역시,1.986,1,18.933,-5.33,평일,1251969713
1999-09-27,남,신규,준대형 세단,G70 (IK),2023-08-02,62270000,3,3,1,인천광역시 남동구 구월동,26,26~35세,여름,1,제네시스,중형,True,470320000,58025294,2,인천광역시,0.889,1,19.633,-16.4,평일,417959531
1978-06-04,남,신규,소형 해치백,G80 (RG3),2024-07-06,37090000,3,2,0,충청북도 청주시 상당구 낙실동,47,36~50세,여름,1,제네시스,소형,True,318670000,56854783,5,충청북도,0.401,0,8.333,6.4,주말,127919997
1983-06-25,여,신규,중형 suv,NEXO (FE),2024-08-21,43760000,2,4,0,인천광역시 남동구 구월동,42,36~50세,여름,1,기아,SUV,True,514080000,58025294,2,인천광역시,1.295,1,6.8,12.83,평일,665805675
1974-10-29,남,일반,소형 해치백,Santa-Fe ™,2024-03-23,35610000,2,2,0,인천광역시 남동구 구월동,51,51~65세,봄,2,현대,소형,True,549690000,58025294,5,인천광역시,0.692,0,11.833,-5.03,주말,380620130
1972-09-22,남,일반,준중형 세단,NEXO (FE),2024-03-25,44550000,3,4,0,충청북도 청주시 상당구 낙실동,53,51~65세,봄,2,기아,소형,True,363220000,56854783,0,충청북도,0.915,1,11.767,-3.43,평일,332372883
1973-03-28,남,vip,대형 suv,Avante (CN7 N),2023-10-10,61350000,1,5,1,대전광역시 유성구 봉명동,52,51~65세,가을,3,현대,SUV,True,502890000,56525385,1,대전광역시,1.584,1,17.333,-17.1,평일,796419873
1958-10-02,남,이탈가능,준대형 세단,NEXO (FE),2023-06-02,69890000,2,2,1,충청북도 청주시 상당구 낙실동,67,66세 이상,여름,0,기아,중형,True,433110000,56854783,4,충청북도,0.546,1,21.667,-9.9,평일,236293896
1955-12-04,여,vip,소형 해치백,G70 (IK),2023-11-12,30220000,3,1,0,충청남도 천안시 동남구 성성동,70,66세 이상,가을,3,제네시스,소형,True,425090000,48790714,6,충청남도,0.268,0,16.233,-2.17,주말,113811949
1996-10-26,여,신규,대형 suv,NEXO (FE),2023-11-30,57580000,3,3,0,울산광역시 남구 달동,29,26~35세,가을,1,기아,SUV,True,787520000,60935000,3,울산광역시,1.488,1,15.633,-8.43,평일,1171845950
1959-04-25,여,이탈가능,준중형 세단,G80 (RG3),2023-06-08,62700000,1,2,0,경상남도 창원시 의창구 봉곡동,66,66세 이상,여름,0,제네시스,소형,True,488740000,58702308,3,경상남도,0.616,1,21.467,-16.5,평일,300892837
1992-01-31,여,vip,준대형 세단,Avante (CN7 N),2023-09-23,68630000,3,5,1,인천광역시 남동구 구월동,33,26~35세,가을,3,현대,중형,True,618320000,58025294,5,인천광역시,1.947,1,17.9,-6.07,주말,1203989439
2003-03-08,남,신규,픽업트럭,NEXO (FE),2023-08-10,85970000,1,3,1,충청북도 청주시 상당구 낙실동,22,20대 이하,여름,1,기아,트럭,True,519080000,56854783,3,충청북도,0.981,1,19.367,2.3,평일,509115045
1996-02-24,남,일반,중형 suv,NEXO (FE),2024-09-17,63570000,3,1,1,경상북도 포항시 남구 대도동,29,26~35세,가을,2,기아,SUV,True,555420000,56614375,1,경상북도,0.35,1,5.9,-3.83,평일,194298350
1969-07-24,남,일반,소형 해치백,Avante (CN7 N),2023-11-02,32550000,3,3,0,부산광역시 해운대구 우동,56,51~65세,가을,2,현대,소형,True,721950000,56399524,3,부산광역시,1.364,0,16.567,2.83,평일,984830705
1984-12-28,여,vip,중형 suv,Avante (CN7 N),2024-09-27,38140000,1,5,0,경기도 수원시 영통구 원천동,41,36~50세,가을,3,현대,SUV,True,664940000,61066154,4,경기도,2.094,0,5.567,2.9,평일,1392390357
1957-03-08,여,vip,픽업트럭,G70 (IK),2024-10-18,88650000,1,5,0,전라남도 목포시 부주동,68,66세 이상,가을,3,제네시스,트럭,True,159590000,60148462,4,전라남도,0.503,1,4.867,2.4,평일,80206107
1958-07-27,남,일반,소형 해치백,Avante (CN7 N),2024-04-22,47730000,1,3,1,전라북도 전주시 완산구 덕진동,67,66세 이상,봄,2,현대,소형,True,372480000,60225714,0,전라북도,0.704,1,10.833,13.37,평일,262152049
1988-01-21,남,일반,준대형 세단,Avante (CN7 N),2023-12-28,88470000,1,1,1,경기도 수원시 영통구 원천동,37,36~50세,겨울,2,현대,중형,True,753410000,61066154,3,경기도,0.475,1,14.7,-9.13,평일,357510536
1982-09-28,여,vip,준대형 세단,G70 (IK),2024-01-29,83840000,3,3,0,경기도 성남시 분당구 정자동,43,36~50세,겨울,3,제네시스,중형,True,457050000,58401053,0,경기도,0.864,1,13.633,-5.13,평일,394706943
2000-11-20,남,vip,준대형 세단,NEXO (FE),2023-11-26,58930000,1,1,1,광주광역시 서구 치평동,25,20대 이하,가을,3,기아,중형,True,655920000,60506667,6,광주광역시,0.413,1,15.767,-10.77,주말,270974130
1971-03-27,남,vip,준중형 세단,G70 (IK),2024-01-01,67480000,3,5,0,울산광역시 남구 달동,54,51~65세,겨울,3,제네시스,소형,True,855000000,60935000,0,울산광역시,2.693,1,14.567,1.07,평일,2302121911
1988-10-08,남,신규,픽업트럭,Santa-Fe ™,2023-10-12,66300000,3,4,1,울산광역시 남구 달동,37,36~50세,가을,1,현대,트럭,True,921300000,60935000,3,울산광역시,2.321,1,17.267,-2.7,평일,2138396418
1998-04-21,남,신규,소형 해치백,Santa-Fe ™,2023-11-03,70510000,3,1,1,충청북도 청주시 상당구 낙실동,27,26~35세,가을,1,현대,소형,True,589590000,56854783,4,충청북도,0.371,1,16.533,2.83,평일,218940599
2002-11-12,여,일반,준대형 세단,Santa-Fe ™,2024-09-20,67020000,3,1,1,서울특별시 강남구 역삼동,23,20대 이하,가을,2,현대,중형,True,471960000,63893125,4,서울특별시,0.297,1,5.8,17.13,평일,140293151
1962-11-22,여,이탈가능,준대형 세단,G70 (IK),2023-12-21,68300000,1,4,1,서울특별시 종로구 청운동,63,51~65세,겨울,0,제네시스,중형,True,732480000,56644400,3,서울특별시,1.845,1,14.933,-14.33,평일,1351691609
1956-05-07,여,일반,픽업트럭,G70 (IK),2023-03-14,42060000,3,5,1,광주광역시 서구 치평동,69,66세 이상,봄,2,제네시스,트럭,True,697980000,60506667,1,광주광역시,2.198,1,24.333,-8.57,평일,1534200238
2001-04-07,여,일반,소형 해치백,Avante (CN7 N),2024-01-01,36550000,1,3,0,대전광역시 유성구 봉명동,24,20대 이하,겨울,2,현대,소형,True,539440000,56525385,0,대전광역시,1.019,0,14.567,2.77,평일,549836584
1981-02-03,남,신규,중형 suv,Santa-Fe ™,2025-01-20,84370000,2,2,0,전라남도 목포시 부주동,44,36~50세,겨울,1,현대,SUV,True,243960000,60148462,0,전라남도,0.307,1,1.733,3.13,평일,74971004
1994-10-15,남,일반,대형 suv,G80 (RG3),2023-10-13,54340000,3,2,1,대구광역시 수성구 범어동,31,26~35세,가을,2,제네시스,SUV,True,684860000,58729444,4,대구광역시,0.863,1,17.233,1.7,평일,590826115
1982-09-28,남,vip,준대형 세단,NEXO (FE),2024-07-26,39760000,1,1,1,대전광역시 유성구 봉명동,43,36~50세,여름,3,기아,중형,True,579200000,56525385,4,대전광역시,0.365,0,7.667,6.9,평일,211292067
1985-07-24,남,일반,준중형 세단,G80 (RG3),2023-12-15,48800000,2,1,0,충청북도 청주시 상당구 낙실동,40,36~50세,겨울,2,제네시스,소형,True,638390000,56854783,4,충청북도,0.402,1,15.133,1.4,평일,256683667
1968-12-19,남,이탈가능,중형 suv,Avante (CN7 N),2024-07-21,79230000,2,2,1,경기도 성남시 분당구 정자동,57,51~65세,여름,0,현대,SUV,True,536280000,58401053,6,경기도,0.676,1,7.833,5.8,주말,362275764
1997-08-25,남,일반,대형 suv,NEXO (FE),2024-05-16,38860000,3,3,1,경상북도 포항시 남구 대도동,28,26~35세,봄,2,기아,SUV,True,594280000,56614375,3,경상북도,1.123,0,10.033,-4.13,평일,667312974
1985-05-11,여,일반,준중형 세단,Avante (CN7 N),2023-09-25,53910000,2,3,1,대구광역시 수성구 범어동,40,36~50세,가을,2,현대,소형,True,738770000,58729444,0,대구광역시,1.396,1,17.833,-0.6,평일,1031254465
2000-07-04,남,신규,픽업트럭,G80 (RG3),2023-03-27,38900000,1,1,1,경기도 수원시 영통구 원천동,25,20대 이하,봄,1,제네시스,트럭,True,792310000,61066154,0,경기도,0.499,0,23.9,-9.2,평일,395381513
1958-09-02,남,이탈가능,대형 suv,NEXO (FE),2023-12-25,72930000,2,1,0,전라남도 목포시 부주동,67,66세 이상,겨울,0,기아,SUV,True,316890000,60148462,0,전라남도,0.2,1,14.8,-13.07,평일,63247469
1997-01-22,여,신규,준대형 세단,Avante (CN7 N),2023-10-20,55370000,2,3,0,충청남도 천안시 동남구 성성동,28,26~35세,가을,1,현대,중형,True,480460000,48790714,4,충청남도,0.908,1,17.0,-0.77,평일,436176048
1976-06-02,남,이탈가능,중형 suv,NEXO (FE),2023-11-29,65540000,2,2,0,서울특별시 종로구 청운동,49,36~50세,가을,0,기아,SUV,True,798020000,56644400,2,서울특별시,1.005,1,15.667,-0.73,평일,802201799
1956-03-06,여,신규,준대형 세단,NEXO (FE),2025-01-31,46520000,3,5,0,충청북도 청주시 상당구 낙실동,69,66세 이상,겨울,1,기아,중형,True,684910000,56854783,4,충청북도,2.157,1,1.367,13.77,평일,1477280969
1989-10-30,여,신규,준대형 세단,G70 (IK),2024-01-19,77710000,3,1,1,경기도 성남시 분당구 정자동,36,36~50세,겨울,1,제네시스,중형,True,613990000,58401053,4,경기도,0.387,1,13.967,-6.13,평일,237437155
1987-02-22,남,신규,준대형 세단,NEXO (FE),2023-04-22,51200000,2,2,0,경기도 수원시 영통구 원천동,38,36~50세,봄,1,기아,중형,True,843510000,61066154,5,경기도,1.063,1,23.033,0.87,주말,896265236
1963-10-11,남,신규,준중형 세단,G70 (IK),2024-11-11,79370000,2,1,0,서울특별시 강남구 역삼동,62,51~65세,가을,1,제네시스,소형,True,551330000,63893125,0,서울특별시,0.347,1,4.067,1.73,평일,191447339
1971-07-20,여,vip,소형 해치백,Avante (CN7 N),2023-10-08,68370000,2,4,0,경상북도 포항시 남구 대도동,54,51~65세,가을,3,현대,소형,True,662650000,56614375,6,경상북도,1.669,1,17.4,-7.37,주말,1106253048
1968-07-06,남,vip,픽업트럭,NEXO (FE),2024-12-28,64060000,1,5,0,광주광역시 서구 치평동,57,51~65세,겨울,3,기아,트럭,True,762040000,60506667,5,광주광역시,2.4,1,2.5,21.83,주말,1828738574
1969-08-16,여,이탈가능,대형 suv,G70 (IK),2023-05-21,48970000,2,5,0,전라남도 목포시 부주동,56,51~65세,봄,0,제네시스,SUV,True,365860000,60148462,6,전라남도,1.152,1,22.067,-7.27,주말,421527535
1963-12-25,남,일반,소형 해치백,G80 (RG3),2024-05-23,72510000,3,4,0,경상남도 창원시 의창구 봉곡동,62,51~65세,봄,2,제네시스,소형,True,561250000,58702308,3,경상남도,1.414,1,9.8,11.67,평일,793594746
1976-10-26,남,vip,대형 suv,NEXO (FE),2024-05-25,31010000,2,4,0,전라남도 목포시 부주동,49,36~50세,봄,3,기아,SUV,True,396870000,60148462,5,전라남도,1.0,0,9.733,12.33,주말,396810009
1966-01-01,여,vip,대형 suv,G70 (IK),2023-10-12,35130000,3,4,1,서울특별시 강남구 역삼동,59,51~65세,가을,3,제네시스,SUV,True,586460000,63893125,3,서울특별시,1.477,0,17.267,-13.2,평일,866488629
1954-07-31,여,이탈가능,준대형 세단,G70 (IK),2024-10-29,81810000,1,4,1,부산광역시 해운대구 우동,71,66세 이상,가을,0,제네시스,중형,True,803760000,56399524,1,부산광역시,2.025,1,4.5,12.07,평일,1627566920
1989-03-12,남,일반,준대형 세단,NEXO (FE),2023-12-05,36540000,1,3,1,부산광역시 해운대구 우동,36,36~50세,겨울,2,기아,중형,True,840300000,56399524,1,부산광역시,1.588,0,15.467,-10.97,평일,1334185039
1985-06-25,여,이탈가능,소형 해치백,Santa-Fe ™,2024-03-02,49740000,2,5,0,대구광역시 수성구 범어동,40,36~50세,봄,0,현대,소형,True,788510000,58729444,5,대구광역시,2.483,1,12.533,5.3,주말,1957990137
1955-01-05,남,vip,소형 해치백,Santa-Fe ™,2024-04-25,89890000,1,5,0,광주광역시 서구 치평동,70,66세 이상,봄,3,현대,소형,True,851930000,60506667,3,광주광역시,2.683,1,10.733,-8.23,평일,2285619394
1978-05-30,남,일반,중형 suv,G70 (IK),2023-12-11,72730000,1,1,0,서울특별시 종로구 청운동,47,36~50세,겨울,2,제네시스,SUV,True,870750000,56644400,0,서울특별시,0.548,1,15.267,0.4,평일,477543624
1962-04-15,남,이탈가능,대형 suv,Avante (CN7 N),2025-01-11,34880000,3,2,0,경기도 수원시 영통구 원천동,63,51~65세,겨울,0,현대,SUV,True,878390000,61066154,5,경기도,1.106,0,2.033,21.0,주말,971920732
1982-02-17,여,vip,준중형 세단,Avante (CN7 N),2024-07-17,54290000,1,4,0,대전광역시 유성구 봉명동,43,36~50세,여름,3,현대,소형,True,633490000,56525385,2,대전광역시,1.596,1,7.967,-0.3,평일,1011033633
1964-11-10,여,이탈가능,대형 suv,Avante (CN7 N),2024-10-14,72600000,2,1,1,부산광역시 해운대구 우동,61,51~65세,가을,0,현대,SUV,True,912900000,56399524,0,부산광역시,0.575,1,5.0,10.47,평일,524895076
1971-02-07,여,일반,준대형 세단,NEXO (FE),2024-02-20,73080000,3,4,1,울산광역시 남구 달동,54,51~65세,겨울,2,기아,중형,True,994380000,60935000,1,울산광역시,2.505,1,12.9,4.37,평일,2491098139
1999-07-28,여,vip,준중형 세단,Santa-Fe ™,2024-07-25,75840000,1,4,1,인천광역시 남동구 구월동,26,26~35세,여름,3,현대,소형,True,694160000,58025294,3,인천광역시,1.749,1,7.7,10.2,평일,1213962426
1999-01-19,여,일반,대형 suv,G70 (IK),2024-07-16,76370000,3,3,0,서울특별시 강남구 역삼동,26,26~35세,여름,2,제네시스,SUV,True,662830000,63893125,1,서울특별시,1.252,1,8.0,9.27,평일,830140596
1957-08-08,남,신규,준중형 세단,G80 (RG3),2024-05-18,59640000,2,2,1,충청남도 천안시 동남구 성성동,68,66세 이상,봄,1,제네시스,소형,True,540100000,48790714,5,충청남도,0.68,1,9.967,7.03,주말,367455231
1969-01-04,남,이탈가능,준대형 세단,G70 (IK),2023-08-07,83300000,2,2,1,서울특별시 종로구 청운동,56,51~65세,여름,0,제네시스,중형,True,954050000,56644400,0,서울특별시,1.202,1,19.467,-4.2,평일,1146564133
1972-04-13,여,일반,소형 해치백,G80 (RG3),2023-11-03,53260000,3,5,1,대구광역시 수성구 범어동,53,51~65세,가을,2,제네시스,소형,True,841770000,58729444,4,대구광역시,2.651,1,16.533,-4.0,평일,2231428504
1959-10-02,남,일반,픽업트럭,G80 (RG3),2024-10-16,89120000,3,4,0,충청북도 청주시 상당구 낙실동,66,66세 이상,가을,2,제네시스,트럭,True,774030000,56854783,2,충청북도,1.95,1,4.933,-3.57,평일,1509390676
1956-10-06,남,vip,중형 suv,Santa-Fe ™,2023-12-28,48390000,1,2,1,전라남도 목포시 부주동,69,66세 이상,겨울,3,현대,SUV,True,445260000,60148462,3,전라남도,0.561,1,14.7,-4.97,평일,249737318
1974-10-18,남,vip,중형 suv,NEXO (FE),2024-01-11,36880000,1,3,1,대구광역시 수성구 범어동,51,51~65세,겨울,3,기아,SUV,True,878650000,58729444,3,대구광역시,1.66,0,14.233,2.3,평일,1458744280
1988-05-29,남,이탈가능,소형 해치백,Santa-Fe ™,2025-02-28,89440000,3,1,1,울산광역시 남구 달동,37,36~50세,겨울,0,현대,소형,True,1083820000,60935000,4,울산광역시,0.683,1,0.433,12.47,평일,739844426
1973-09-24,남,신규,중형 suv,G70 (IK),2025-03-05,73020000,2,2,1,경기도 수원시 영통구 원천동,52,51~65세,봄,1,제네시스,SUV,True,951410000,61066154,2,경기도,1.198,1,0.267,1.77,평일,1140227481
1990-01-15,남,vip,소형 해치백,Avante (CN7 N),2024-05-16,42530000,1,1,1,광주광역시 서구 치평동,35,26~35세,봄,3,현대,소형,True,894460000,60506667,3,광주광역시,0.563,1,10.033,0.7,평일,503904147
1986-03-05,남,일반,소형 해치백,G80 (RG3),2025-02-17,68170000,3,1,0,인천광역시 남동구 구월동,39,36~50세,겨울,2,제네시스,소형,True,762330000,58025294,0,인천광역시,0.48,1,0.8,6.9,평일,366026144
1962-03-29,남,신규,소형 해치백,Santa-Fe ™,2024-10-07,63320000,2,5,0,인천광역시 남동구 구월동,63,51~65세,가을,1,현대,소형,True,825650000,58025294,0,인천광역시,2.6,1,5.233,-4.43,평일,2146782564
2001-12-02,여,일반,대형 suv,G70 (IK),2023-05-09,83360000,3,5,1,경기도 수원시 영통구 원천동,24,20대 이하,봄,2,제네시스,SUV,True,1034770000,61066154,1,경기도,3.259,1,22.467,-22.2,평일,3371970350
1964-07-21,여,vip,준중형 세단,G70 (IK),2023-10-08,38190000,2,2,0,충청남도 천안시 동남구 성성동,61,51~65세,가을,3,제네시스,소형,True,578290000,48790714,6,충청남도,0.728,0,17.4,-7.43,주말,421257305
2002-06-04,여,신규,픽업트럭,Santa-Fe ™,2023-06-16,79000000,2,1,1,부산광역시 해운대구 우동,23,20대 이하,여름,1,현대,트럭,True,991900000,56399524,4,부산광역시,0.625,1,21.2,-16.2,평일,619671989
1981-07-10,여,일반,준중형 세단,G70 (IK),2023-03-20,45860000,3,5,0,인천광역시 남동구 구월동,44,36~50세,봄,2,제네시스,소형,True,871510000,58025294,0,인천광역시,2.745,1,24.133,-18.9,평일,2391887991
1973-05-11,여,vip,대형 suv,G80 (RG3),2025-01-22,67010000,2,5,0,전라남도 목포시 부주동,52,51~65세,겨울,3,제네시스,SUV,True,512270000,60148462,2,전라남도,1.613,1,1.667,13.03,평일,826406901
1981-02-27,여,vip,픽업트럭,G70 (IK),2024-11-21,61290000,2,2,0,서울특별시 종로구 청운동,44,36~50세,가을,3,제네시스,트럭,True,1015340000,56644400,3,서울특별시,1.279,1,3.733,15.73,평일,1298610984
1968-01-07,여,이탈가능,소형 해치백,G80 (RG3),2024-07-18,83280000,3,2,1,경기도 수원시 영통구 원천동,57,51~65세,여름,0,제네시스,소형,True,1118050000,61066154,3,경기도,1.408,1,7.933,14.53,평일,1574630039
1980-02-11,남,이탈가능,준중형 세단,Santa-Fe ™,2025-01-16,43090000,1,3,1,충청북도 청주시 상당구 낙실동,45,36~50세,겨울,0,현대,소형,True,817120000,56854783,3,충청북도,1.544,1,1.867,3.07,평일,1261592273
1968-09-13,남,일반,소형 해치백,G70 (IK),2023-11-25,59280000,3,3,0,경상남도 창원시 의창구 봉곡동,57,51~65세,가을,2,제네시스,소형,True,620530000,58702308,5,경상남도,1.172,1,15.8,-6.0,주말,727566852
1970-05-23,여,일반,픽업트럭,Santa-Fe ™,2024-07-19,57930000,3,4,0,전라북도 전주시 완산구 덕진동,55,51~65세,여름,2,현대,트럭,True,430410000,60225714,4,전라북도,1.084,1,7.9,2.93,평일,466713950
2002-06-10,여,일반,준중형 세단,Avante (CN7 N),2024-02-12,53260000,3,5,1,광주광역시 서구 치평동,23,20대 이하,겨울,2,현대,소형,True,947720000,60506667,0,광주광역시,2.985,1,13.167,-3.13,평일,2828499982
1997-12-18,남,신규,소형 해치백,G70 (IK),2025-01-13,56610000,2,3,0,대구광역시 수성구 범어동,28,26~35세,겨울,1,제네시스,소형,True,935260000,58729444,0,대구광역시,1.767,1,1.967,12.27,평일,1652768626
1979-05-16,남,신규,중형 suv,NEXO (FE),2023-08-25,53180000,1,4,0,전라북도 전주시 완산구 덕진동,46,36~50세,여름,1,기아,SUV,True,483590000,60225714,4,전라북도,1.218,1,18.867,-10.97,평일,589170101
1996-12-02,남,일반,소형 해치백,Santa-Fe ™,2024-12-09,43840000,3,5,0,부산광역시 해운대구 우동,29,26~35세,겨울,2,현대,소형,True,1035740000,56399524,0,부산광역시,3.262,1,3.133,18.07,평일,3378295126
1998-07-17,여,신규,준중형 세단,G70 (IK),2023-07-06,65040000,3,3,1,서울특별시 강남구 역삼동,27,26~35세,여름,1,제네시스,소형,True,727870000,63893125,3,서울특별시,1.375,1,20.533,-12.53,평일,1001048176
1978-06-28,여,신규,대형 suv,NEXO (FE),2024-01-13,83610000,3,2,0,충청북도 청주시 상당구 낙실동,47,36~50세,겨울,1,기아,SUV,True,900730000,56854783,5,충청북도,1.135,1,14.167,-12.3,주말,1021986916
1958-07-06,여,신규,대형 suv,NEXO (FE),2023-08-04,39010000,2,5,1,충청북도 청주시 상당구 낙실동,67,66세 이상,여름,1,기아,SUV,True,939740000,56854783,4,충청북도,2.959,0,19.567,-5.4,평일,2781067404
1996-01-21,남,이탈가능,소형 해치백,G80 (RG3),2024-01-24,84030000,2,1,1,광주광역시 서구 치평동,29,26~35세,겨울,0,제네시스,소형,True,1031750000,60506667,2,광주광역시,0.65,1,13.8,-0.63,평일,670463345
1955-05-03,남,신규,준중형 세단,Avante (CN7 N),2024-10-10,84930000,2,1,0,광주광역시 서구 치평동,70,66세 이상,가을,1,현대,소형,True,1116680000,60506667,3,광주광역시,0.703,1,5.133,8.67,평일,785386732
1973-07-04,여,이탈가능,소형 해치백,G80 (RG3),2024-07-22,87610000,3,2,0,경기도 성남시 분당구 정자동,52,51~65세,여름,0,제네시스,소형,True,701600000,58401053,0,경기도,0.884,1,7.8,6.17,평일,620062177
1982-08-12,남,일반,중형 suv,Avante (CN7 N),2024-01-06,35370000,1,1,0,전라북도 전주시 완산구 덕진동,43,36~50세,겨울,2,현대,SUV,True,518960000,60225714,5,전라북도,0.327,0,14.4,4.47,주말,169626560
1974-04-23,남,일반,준중형 세단,G70 (IK),2024-10-17,39170000,3,3,1,인천광역시 남동구 구월동,51,51~65세,가을,2,제네시스,소형,True,910680000,58025294,3,인천광역시,1.721,0,4.9,19.23,평일,1567035867
1992-03-13,남,일반,준대형 세단,NEXO (FE),2023-08-04,42950000,3,3,1,서울특별시 종로구 청운동,33,26~35세,여름,2,기아,중형,True,1058290000,56644400,4,서울특별시,2.0,1,19.567,-15.83,평일,2116200068
1961-10-15,남,일반,픽업트럭,Avante (CN7 N),2024-01-21,32870000,3,1,0,부산광역시 해운대구 우동,64,51~65세,겨울,2,현대,트럭,True,1068610000,56399524,6,부산광역시,0.673,0,13.9,-10.77,주말,719224632
2001-11-13,여,이탈가능,소형 해치백,NEXO (FE),2025-02-10,62260000,1,3,1,경기도 수원시 영통구 원천동,24,20대 이하,겨울,0,기아,소형,True,1180310000,61066154,0,경기도,2.23,1,1.033,6.9,평일,2632325025
1985-04-01,여,신규,준중형 세단,Santa-Fe ™,2024-06-21,88940000,2,5,0,서울특별시 종로구 청운동,40,36~50세,여름,1,현대,소형,True,1147230000,56644400,4,서울특별시,3.613,1,8.833,10.73,평일,4144737967
1978-03-06,여,vip,준대형 세단,G80 (RG3),2023-07-05,68400000,3,1,1,전라북도 전주시 완산구 덕진동,47,36~50세,여름,3,제네시스,중형,True,587360000,60225714,2,전라북도,0.37,1,20.567,-6.17,평일,217287538
1969-10-25,여,vip,중형 suv,NEXO (FE),2024-03-29,45780000,2,1,0,경기도 성남시 분당구 정자동,56,51~65세,봄,3,기아,SUV,True,747380000,58401053,4,경기도,0.471,1,11.633,-3.83,평일,351810687
1995-07-07,여,일반,픽업트럭,Avante (CN7 N),2023-06-09,32920000,1,1,1,경기도 수원시 영통구 원천동,30,26~35세,여름,2,현대,트럭,True,1213230000,61066154,4,경기도,0.764,0,21.433,-20.4,평일,927069655
1997-10-12,여,신규,준중형 세단,G70 (IK),2024-12-03,86690000,1,3,1,충청북도 청주시 상당구 낙실동,28,26~35세,겨울,1,제네시스,소형,True,1026430000,56854783,1,충청북도,1.939,1,3.333,16.23,평일,1990700901
2003-05-26,여,일반,픽업트럭,G70 (IK),2024-07-22,84800000,3,3,1,전라북도 전주시 완산구 덕진동,22,20대 이하,여름,2,제네시스,트럭,True,672160000,60225714,0,전라북도,1.27,1,7.8,12.77,평일,853675205
1955-06-23,여,일반,대형 suv,G80 (RG3),2023-03-25,83330000,2,1,1,경기도 수원시 영통구 원천동,70,66세 이상,봄,2,제네시스,SUV,True,1296560000,61066154,5,경기도,0.817,1,23.967,-2.53,주말,1058793637
1961-05-28,남,일반,준중형 세단,G70 (IK),2023-08-27,55580000,1,5,0,광주광역시 서구 치평동,64,51~65세,여름,2,제네시스,소형,True,1172260000,60506667,6,광주광역시,3.692,1,18.8,-13.67,주말,4327568802
1959-04-27,여,일반,소형 해치백,Avante (CN7 N),2025-02-10,54060000,3,2,1,경기도 수원시 영통구 원천동,66,66세 이상,겨울,2,현대,소형,True,1350620000,61066154,0,경기도,1.701,1,1.033,22.93,평일,2297854010
2002-07-01,여,이탈가능,중형 suv,NEXO (FE),2024-01-16,62760000,1,2,0,경기도 성남시 분당구 정자동,23,20대 이하,겨울,0,기아,SUV,True,810140000,58401053,1,경기도,1.021,1,14.067,-2.43,평일,826753860
1963-09-08,여,신규,준대형 세단,G70 (IK),2024-12-26,67440000,2,5,1,충청북도 청주시 상당구 낙실동,62,51~65세,겨울,1,제네시스,중형,True,1093870000,56854783,3,충청북도,3.445,1,2.567,0.77,평일,3768144184
1995-01-09,남,일반,픽업트럭,NEXO (FE),2023-06-11,44780000,3,4,0,경기도 수원시 영통구 원천동,30,26~35세,여름,2,기아,트럭,True,1395400000,61066154,6,경기도,3.515,1,21.367,-20.33,주말,4905502633
1977-03-28,남,vip,소형 해치백,NEXO (FE),2024-07-21,46850000,2,1,0,서울특별시 종로구 청운동,48,36~50세,여름,3,기아,소형,True,1194080000,56644400,6,서울특별시,0.752,1,7.833,1.0,주말,898034317
2001-09-01,여,신규,소형 해치백,Santa-Fe ™,2025-03-07,50720000,3,5,0,울산광역시 남구 달동,24,20대 이하,봄,1,현대,소형,True,1134540000,60935000,4,울산광역시,3.573,1,0.2,0.23,평일,4053551670
1967-09-01,여,일반,대형 suv,Santa-Fe ™,2024-03-02,42510000,1,4,0,경상북도 포항시 남구 대도동,58,51~65세,봄,2,현대,SUV,True,705160000,56614375,5,경상북도,1.777,1,12.533,4.87,주말,1252741354
1996-02-04,남,일반,대형 suv,Avante (CN7 N),2025-02-01,36500000,3,5,1,부산광역시 해운대구 우동,29,26~35세,겨울,2,현대,SUV,True,1105110000,56399524,5,부산광역시,3.48,0,1.333,12.57,주말,3845980753
1982-08-24,여,이탈가능,소형 해치백,G80 (RG3),2024-02-09,88690000,3,4,1,서울특별시 강남구 역삼동,43,36~50세,겨울,0,제네시스,소형,True,816560000,63893125,4,서울특별시,2.057,1,13.267,7.27,평일,1679818189
1974-10-12,여,vip,픽업트럭,NEXO (FE),2023-08-07,33070000,1,3,0,경기도 성남시 분당구 정자동,51,51~65세,여름,3,기아,트럭,True,843210000,58401053,0,경기도,1.593,0,19.467,-5.4,평일,1343441736
1963-12-17,남,일반,준대형 세단,G70 (IK),2025-01-01,84160000,3,1,1,울산광역시 남구 달동,62,51~65세,겨울,2,제네시스,중형,True,1218700000,60935000,2,울산광역시,0.768,1,2.367,-2.17,평일,935448121
1983-04-17,남,일반,준대형 세단,G70 (IK),2024-09-25,36850000,1,3,1,서울특별시 종로구 청운동,42,36~50세,가을,2,제네시스,중형,True,1230930000,56644400,2,서울특별시,2.326,0,5.633,2.2,평일,2862951903
1986-12-26,여,신규,준대형 세단,Avante (CN7 N),2024-06-19,59410000,1,1,0,경기도 성남시 분당구 정자동,39,36~50세,여름,1,현대,중형,True,902620000,58401053,2,경기도,0.569,1,8.9,10.57,평일,513140141
1969-01-06,남,일반,중형 suv,G70 (IK),2025-02-08,46640000,3,1,0,전라북도 전주시 완산구 덕진동,56,51~65세,겨울,2,제네시스,SUV,True,718800000,60225714,5,전라북도,0.453,1,1.1,6.7,주말,325418487
1975-07-01,여,이탈가능,준중형 세단,Santa-Fe ™,2023-12-07,78930000,3,1,1,충청북도 청주시 상당구 낙실동,50,36~50세,겨울,0,현대,소형,True,1172800000,56854783,3,충청북도,0.739,1,15.4,-12.83,평일,866311340
1959-05-12,여,이탈가능,소형 해치백,G80 (RG3),2024-12-15,63210000,1,3,0,경상남도 창원시 의창구 봉곡동,66,66세 이상,겨울,0,제네시스,소형,True,683740000,58702308,6,경상남도,1.292,1,2.933,12.87,주말,883342883
1972-04-08,남,vip,중형 suv,G80 (RG3),2024-11-24,86560000,2,2,0,서울특별시 강남구 역삼동,53,51~65세,가을,3,제네시스,SUV,True,903120000,63893125,6,서울특별시,1.138,1,3.633,9.63,주말,1027417598
1959-08-02,여,vip,소형 해치백,Avante (CN7 N),2024-07-24,71030000,1,2,1,경기도 수원시 영통구 원천동,66,66세 이상,여름,3,현대,소형,True,1466430000,61066154,2,경기도,1.847,1,7.733,13.63,평일,2708811308
1986-05-25,남,이탈가능,중형 suv,G70 (IK),2025-02-16,46720000,1,4,1,부산광역시 해운대구 우동,39,36~50세,겨울,0,제네시스,SUV,True,1151830000,56399524,6,부산광역시,2.902,1,0.833,0.5,주말,3342434054
1964-04-14,여,이탈가능,준중형 세단,G70 (IK),2023-08-28,51540000,2,2,0,광주광역시 서구 치평동,61,51~65세,여름,0,제네시스,소형,True,1223800000,60506667,0,광주광역시,1.542,1,18.767,0.03,평일,1886587610
1981-05-10,남,vip,중형 suv,NEXO (FE),2023-05-09,40970000,2,4,0,대전광역시 유성구 봉명동,44,36~50세,봄,3,기아,SUV,True,674460000,56525385,1,대전광역시,1.699,1,22.467,-14.5,평일,1146036560
1972-03-12,여,신규,준중형 세단,G80 (RG3),2023-07-30,41620000,1,3,1,충청북도 청주시 상당구 낙실동,53,51~65세,여름,1,제네시스,소형,True,1214420000,56854783,6,충청북도,2.295,1,19.733,-4.33,주말,2786667554
1969-05-19,여,일반,대형 suv,G70 (IK),2023-04-23,33470000,1,1,1,서울특별시 종로구 청운동,56,51~65세,봄,2,제네시스,SUV,True,1264400000,56644400,6,서울특별시,0.796,0,23.0,-17.37,주말,1006920213
1966-05-04,여,vip,중형 suv,G80 (RG3),2024-06-24,48350000,2,1,1,경기도 성남시 분당구 정자동,59,51~65세,여름,3,제네시스,SUV,True,950970000,58401053,0,경기도,0.599,1,8.733,0.17,평일,569586540
1983-10-08,여,vip,중형 suv,Santa-Fe ™,2025-02-26,38960000,3,5,1,서울특별시 강남구 역삼동,42,36~50세,겨울,3,현대,SUV,True,942080000,63893125,2,서울특별시,2.967,0,0.5,3.13,평일,2794934643
2002-07-29,여,vip,대형 suv,Avante (CN7 N),2023-06-22,62910000,2,1,1,전라남도 목포시 부주동,23,20대 이하,여름,3,현대,SUV,True,575180000,60148462,3,전라남도,0.362,1,21.0,-19.33,평일,208369254
1990-12-09,남,vip,소형 해치백,Santa-Fe ™,2024-07-16,82580000,3,5,0,전라남도 목포시 부주동,35,26~35세,여름,3,현대,소형,True,657760000,60148462,1,전라남도,2.071,1,8.0,13.0,평일,1362482735
1983-03-05,여,이탈가능,준중형 세단,G80 (RG3),2023-08-08,72970000,3,1,1,경기도 성남시 분당구 정자동,42,36~50세,여름,0,제네시스,소형,True,1023940000,58401053,1,경기도,0.645,1,19.433,-10.7,평일,660351399
1966-01-12,여,이탈가능,준중형 세단,Avante (CN7 N),2024-10-18,45780000,1,5,1,경기도 성남시 분당구 정자동,59,51~65세,가을,0,현대,소형,True,1069720000,58401053,4,경기도,3.369,1,4.867,14.57,평일,3603597859
1960-07-13,남,일반,소형 해치백,NEXO (FE),2024-11-13,42150000,1,5,1,서울특별시 종로구 청운동,65,51~65세,가을,2,기아,소형,True,1306550000,56644400,2,서울특별시,4.115,1,4.0,19.0,평일,5375862566
1984-11-30,여,이탈가능,준중형 세단,G80 (RG3),2025-01-18,47850000,3,2,0,경기도 수원시 영통구 원천동,41,36~50세,겨울,0,제네시스,소형,True,1514280000,61066154,5,경기도,1.907,1,1.8,5.93,주말,2888473935
1954-04-06,남,vip,픽업트럭,NEXO (FE),2024-12-23,80220000,1,3,0,전라남도 목포시 부주동,71,66세 이상,겨울,3,기아,트럭,True,737980000,60148462,0,전라남도,1.394,1,2.667,5.33,평일,1029050110
1956-01-22,여,신규,준대형 세단,G70 (IK),2024-09-09,39500000,3,3,1,경상남도 창원시 의창구 봉곡동,69,66세 이상,가을,1,제네시스,중형,True,723240000,58702308,0,경상남도,1.367,0,6.167,-3.23,평일,988353295
1958-03-21,남,신규,소형 해치백,Avante (CN7 N),2024-03-15,32560000,2,5,0,부산광역시 해운대구 우동,67,66세 이상,봄,1,현대,소형,True,1184390000,56399524,4,부산광역시,3.73,0,12.1,-11.27,평일,4417591490
2003-11-14,남,vip,중형 suv,G70 (IK),2024-04-10,73440000,1,5,0,경기도 수원시 영통구 원천동,22,20대 이하,봄,3,제네시스,SUV,True,1587720000,61066154,2,경기도,5.0,1,11.233,-9.43,평일,7938600000
1975-10-13,남,일반,대형 suv,G80 (RG3),2024-11-09,37590000,1,5,1,전라북도 전주시 완산구 덕진동,50,36~50세,가을,2,제네시스,SUV,True,756390000,60225714,5,전라북도,2.382,0,4.133,-3.03,주말,1801721437
1985-07-18,여,신규,중형 suv,NEXO (FE),2024-07-02,88110000,2,5,1,광주광역시 서구 치평동,40,36~50세,여름,1,기아,SUV,True,1311910000,60506667,1,광주광역시,4.131,1,8.467,10.3,평일,5420060993
1977-05-21,여,vip,소형 해치백,Avante (CN7 N),2024-01-22,35270000,3,3,0,충청남도 천안시 동남구 성성동,48,36~50세,겨울,3,현대,소형,True,613560000,48790714,0,충청남도,1.159,0,13.867,3.53,평일,711314099
1955-03-14,여,이탈가능,대형 suv,G80 (RG3),2023-04-18,58550000,2,2,1,경상북도 포항시 남구 대도동,70,66세 이상,봄,0,제네시스,SUV,True,763710000,56614375,1,경상북도,0.962,1,23.167,-10.63,평일,734705067
1999-02-28,남,일반,준대형 세단,G80 (RG3),2023-07-19,30240000,2,1,1,서울특별시 강남구 역삼동,26,26~35세,여름,2,제네시스,중형,True,972320000,63893125,2,서울특별시,0.612,0,20.1,-19.6,평일,595448935
1982-07-15,남,일반,소형 해치백,Santa-Fe ™,2024-01-07,63000000,3,2,1,광주광역시 서구 치평동,43,36~50세,겨울,2,현대,소형,True,1374910000,60506667,6,광주광역시,1.732,1,14.367,-5.9,주말,2381247963
1969-12-24,여,vip,픽업트럭,Santa-Fe ™,2024-10-25,39900000,3,3,1,경기도 성남시 분당구 정자동,56,51~65세,가을,3,현대,트럭,True,1109620000,58401053,4,경기도,2.097,0,4.633,0.23,평일,2326461614
1962-01-28,여,vip,준대형 세단,G70 (IK),2023-12-14,74130000,3,2,0,서울특별시 종로구 청운동,63,51~65세,겨울,3,제네시스,중형,True,1380680000,56644400,3,서울특별시,1.739,1,15.167,-11.17,평일,2401276374
1964-12-10,여,신규,중형 suv,G80 (RG3),2024-06-03,49970000,3,5,1,서울특별시 강남구 역삼동,61,51~65세,여름,1,제네시스,SUV,True,1022290000,63893125,0,서울특별시,3.219,1,9.433,10.67,평일,3291124518
1997-01-18,여,이탈가능,대형 suv,G70 (IK),2024-01-19,36350000,1,3,1,충청북도 청주시 상당구 낙실동,28,26~35세,겨울,0,제네시스,SUV,True,1250770000,56854783,4,충청북도,2.363,0,13.967,5.77,평일,2955985173
1999-12-03,여,이탈가능,중형 suv,Santa-Fe ™,2023-12-27,75750000,3,3,0,인천광역시 남동구 구월동,26,26~35세,겨울,0,현대,SUV,True,986430000,58025294,2,인천광역시,1.864,1,14.733,-9.83,평일,1838568787
1990-06-02,여,일반,소형 해치백,G70 (IK),2024-04-12,71030000,2,2,0,경상북도 포항시 남구 대도동,35,26~35세,봄,2,제네시스,소형,True,834740000,56614375,4,경상북도,1.051,1,11.167,12.0,평일,877725125
1975-01-29,남,이탈가능,대형 suv,G80 (RG3),2023-06-04,36960000,1,4,1,광주광역시 서구 치평동,50,36~50세,여름,0,제네시스,SUV,True,1411870000,60506667,6,광주광역시,3.557,0,21.6,-7.23,주말,5021985985
1961-02-06,여,vip,준대형 세단,G70 (IK),2023-03-13,56890000,2,5,0,충청북도 청주시 상당구 낙실동,64,51~65세,봄,3,제네시스,중형,True,1307660000,56854783,0,충청북도,4.118,1,24.367,-10.4,평일,5385000742
1958-06-16,남,신규,픽업트럭,Santa-Fe ™,2023-10-27,71090000,2,4,1,경상북도 포항시 남구 대도동,67,66세 이상,가을,1,현대,트럭,True,905830000,56614375,4,경상북도,2.282,1,16.767,-5.6,평일,2067185622
1978-10-17,여,vip,준중형 세단,Santa-Fe ™,2024-05-17,60370000,1,2,1,대전광역시 유성구 봉명동,47,36~50세,봄,3,현대,소형,True,734830000,56525385,4,대전광역시,0.926,1,10.0,12.47,평일,680189364
1973-06-05,남,이탈가능,중형 suv,NEXO (FE),2023-12-31,35430000,2,4,1,서울특별시 종로구 청운동,52,51~65세,겨울,0,기아,SUV,True,1416110000,56644400,6,서울특별시,3.568,0,14.6,0.57,주말,5052194422
1981-06-21,남,이탈가능,중형 suv,G80 (RG3),2024-01-31,40290000,2,1,0,광주광역시 서구 치평동,44,36~50세,겨울,0,제네시스,SUV,True,1452160000,60506667,2,광주광역시,0.915,1,13.567,8.03,평일,1328174153
1984-05-27,남,일반,대형 suv,Santa-Fe ™,2024-06-05,77340000,3,4,1,대구광역시 수성구 범어동,41,36~50세,여름,2,현대,SUV,True,1012600000,58729444,2,대구광역시,2.551,1,9.367,-7.4,평일,2583223138
1958-07-11,여,신규,준중형 세단,G80 (RG3),2024-12-20,86770000,1,2,1,전라북도 전주시 완산구 덕진동,67,66세 이상,겨울,1,제네시스,소형,True,843160000,60225714,4,전라북도,1.062,1,2.767,1.37,평일,895521610
1976-06-27,여,신규,준대형 세단,Avante (CN7 N),2023-08-24,69510000,3,3,0,충청남도 천안시 동남구 성성동,49,36~50세,여름,1,현대,중형,True,683070000,48790714,3,충청남도,1.291,1,18.9,-5.03,평일,881612548
1968-01-22,여,vip,준대형 세단,NEXO (FE),2024-01-12,39890000,2,2,1,경상남도 창원시 의창구 봉곡동,57,51~65세,겨울,3,기아,중형,True,763130000,58702308,4,경상남도,0.961,0,14.2,-8.03,평일,733589546
1984-01-10,남,신규,소형 해치백,G80 (RG3),2024-01-30,44530000,3,2,1,대구광역시 수성구 범어동,41,36~50세,겨울,1,제네시스,소형,True,1057130000,58729444,1,대구광역시,1.332,1,13.6,-4.23,평일,1407708962
1960-06-24,여,vip,대형 suv,G80 (RG3),2024-06-28,43950000,3,5,0,전라남도 목포시 부주동,65,51~65세,여름,3,제네시스,SUV,True,781930000,60148462,4,전라남도,2.462,1,8.6,-5.93,평일,1925448205
